circuit_type,mitigated,backend,shots_per_context,zne_scale_factors,fidelity,trace_distance,contextuality_violation,pm_contextuality,pm_witness,win_probability
contextuality-low,False,ibm_fez,8192,[1],0.7945379313778712,0.20499674479166588,0.0,1.0,6.0,0.7950032552083334
contextuality-medium,False,ibm_fez,8192,[1],0.805465806173158,0.19420030381944406,0.0,1.0,6.0,0.8057996961805556
contextuality-high,False,ibm_fez,8192,[1],0.8048741067070364,0.19464789496527757,0.0,1.0,6.0,0.8053521050347222
baseline,False,ibm_fez,8192,[1],0.7533677276668248,0.2461886935763877,0.0,1.0,6.0,0.7538113064236112
contextuality-low,True,ibm_fez,8192,"[1, 3, 5]",0.8977236608196617,0.1056017600961115,0.0899935106204773,1.0,6.0,0.8988881678467197
contextuality-medium,True,ibm_fez,8192,"[1, 3, 5]",0.8987318619080368,0.1058821381702099,0.10346758009849218,1.0,6.0,0.9003852866776102
contextuality-high,True,ibm_fez,8192,"[1, 3, 5]",0.8939484402721047,0.10806443956163189,0.056152343750000194,1.0,6.0,0.8951280381944444
baseline,True,ibm_fez,8192,"[1, 3, 5]",0.8618539689612399,0.1369713677300337,0.0,1.0,6.0,0.8630879720052083
