circuit_type,noise_level,mitigated,backend,shots_per_context,zne_scale_factors,fidelity,trace_distance,contextuality_violation,win_probability
contextuality-preserving,hardware,False,ibm_fez,8192,[1],0.8118165911356373,0.18787977430555533,0.0,0.8121202256944444
baseline,hardware,False,ibm_fez,8192,[1],0.7919303998087402,0.20772298177083298,0.0,0.7922770182291666
contextuality-preserving,hardware,True,ibm_fez,8192,"[1, 3, 5]",0.891887720891271,0.1111182857892788,0.0389434665450603,0.8932159407272289
baseline,hardware,True,ibm_fez,8192,"[1, 3, 5]",0.8799302535400789,0.12028672960069427,0.0,0.8811238606770833
